ip,requestCount,failureRate,distinctUrlCount,averageUrlLength,hourOfDay,anomaly_score,prediction
192.168.1.1,10,0.2,3,25.5,14,0.16058159193873017,1
192.168.1.2,5,0.0,1,20.0,9,0.09676696059777401,1
192.168.1.3,50,0.8,10,35.2,22,-0.045981993047552794,-1
192.168.1.4,2,0.5,2,15.0,7,0.06897298957132914,1
192.168.1.5,25,0.1,5,28.0,16,0.12548736616353728,1
