ip,requestCount,failureRate,distinctUrlCount,averageUrlLength,hourOfDay,anomaly_score,prediction
196.168.0.1,105,1.0,1,6.0,8,-0.17375963553225615,-1
196.168.0.2,1,1.0,1,6.0,8,0.1737596355322562,1
196.168.0.3,1,1.0,1,6.0,8,0.1737596355322562,1
196.168.0.4,1,1.0,1,6.0,8,0.1737596355322562,1
196.168.0.5,1,1.0,1,6.0,8,0.1737596355322562,1
196.168.0.6,1,1.0,1,6.0,8,0.1737596355322562,1
