ip,requestCount,failureRate,distinctUrlCount,averageUrlLength,hourOfDay
196.168.0.1,105,1.000000,1,6.00,8
196.168.0.2,1,1.000000,1,6.00,8
196.168.0.3,1,1.000000,1,6.00,8
196.168.0.4,1,1.000000,1,6.00,8
196.168.0.5,1,1.000000,1,6.00,8
196.168.0.6,3,1.000000,1,6.00,8
